id,price
1,54128.0
2,59033.0
3,23484.0
4,2228.0
5,4969.0
6,6578.0
7,3543.0
8,11147.0
9,4027.0
10,22366.0
11,4334.0
12,4416.0
13,4491.0
14,51817.0
15,39499.0
16,53499.0
17,54608.0
18,6450.0
19,77131.0
20,4086.0
21,6593.0
22,87746.0
23,45257.0
24,5823.0
25,5102.0
26,3911.0
27,6032.0
28,6128.0
29,4390.0
30,6568.0
31,4262.0
32,64831.0
33,60260.0
34,51372.0
35,9419.0
36,5817.0
37,4909.0
38,42521.0
39,5042.0
40,2150.0
41,13947.0
42,80861.0
43,5206.0
44,3194.0
45,13734.0
46,5485.0
47,5888.0
48,14912.0
49,85820.0
50,8386.0
51,5441.0
52,2276.0
53,6568.0
54,3961.0
55,7123.0
56,3175.0
57,4922.0
58,41974.0
59,3153.0
60,68415.0
61,14020.0
62,43910.0
63,6489.0
64,9879.0
65,55983.0
66,60260.0
67,45257.0
68,11310.0
69,49725.0
70,45257.0
71,2844.0
72,6133.0
73,12990.0
74,7487.0
75,16140.0
76,6502.0
77,5339.0
78,3843.0
79,64285.0
80,11319.0
81,4556.0
82,6634.0
83,8111.0
84,8803.0
85,34472.0
86,57920.0
87,5348.0
88,15183.0
89,60396.0
90,4272.0
91,4294.0
92,64113.0
93,58125.0
94,92633.0
95,42457.0
96,4200.0
97,6172.0
98,13877.0
99,6578.0
100,62045.0
101,5465.0
102,8224.0
103,8869.0
104,3276.0
105,4262.0
106,7136.0
107,44787.0
108,55087.0
109,41269.0
110,2410.0
111,41269.0
112,51457.0
113,7774.0
114,4390.0
115,3288.0
116,4554.0
117,6296.0
118,3127.0
119,6015.0
120,17133.0
121,56702.0
122,13515.0
123,5087.0
124,45693.0
125,6135.0
126,7899.0
127,7702.0
128,13161.0
129,65529.0
130,3090.0
131,6747.0
132,52287.0
133,5441.0
134,5943.0
135,4170.0
136,42457.0
137,4827.0
138,7426.0
139,3999.0
140,4755.0
141,3393.0
142,51595.0
143,5954.0
144,1714.0
145,54608.0
146,2840.0
147,6314.0
148,12990.0
149,4028.0
150,5384.0
151,8523.0
152,63725.0
153,8100.0
154,6195.0
155,67809.0
156,5282.0
157,7575.0
158,5820.0
159,6122.0
160,4556.0
161,55087.0
162,7212.0
163,67769.0
164,6488.0
165,58315.0
166,32859.0
167,60508.0
168,3194.0
169,11899.0
170,49207.0
171,1776.0
172,6594.0
173,52715.0
174,54896.0
175,4952.0
176,74141.0
177,4079.0
178,4648.0
179,6128.0
180,82989.0
181,27864.0
182,7489.0
183,13083.0
184,7321.0
185,24056.0
186,10712.0
187,7774.0
188,53164.0
189,26229.0
190,7548.0
191,59021.0
192,3090.0
193,56588.0
194,5576.0
195,4056.0
196,5667.0
197,2637.0
198,17746.0
199,12150.0
200,68184.0
201,69244.0
202,13524.0
203,3334.0
204,7489.0
205,58125.0
206,60978.0
207,4205.0
208,45257.0
209,53198.0
210,9748.0
211,57992.0
212,41281.0
213,3999.0
214,6120.0
215,8355.0
216,49725.0
217,4556.0
218,27976.0
219,7530.0
220,3393.0
221,4000.0
222,3685.0
223,22152.0
224,54115.0
225,56206.0
226,11508.0
227,6461.0
228,10061.0
229,5713.0
230,60555.0
231,3988.0
232,5955.0
233,13264.0
234,13325.0
235,3471.0
236,5293.0
237,2723.0
238,3862.0
239,2300.0
240,6489.0
241,58876.0
242,51345.0
243,3489.0
244,62591.0
245,7584.0
246,49613.0
247,53757.0
248,5939.0
249,5193.0
250,78898.0
251,5177.0
252,5322.0
253,45995.0
254,12033.0
255,6324.0
256,67769.0
257,4958.0
258,1788.0
259,4554.0
260,55087.0
261,3393.0
262,5810.0
263,54684.0
264,3819.0
265,7721.0
266,1544.0
267,37846.0
268,49725.0
269,43711.0
270,7950.0
271,6568.0
272,8411.0
273,45097.0
274,31982.0
275,2050.0
276,7950.0
277,24234.0
278,6807.0
279,32923.0
280,6067.0
281,43697.0
282,6179.0
283,6076.0
284,13014.0
285,49725.0
286,5924.0
287,38099.0
288,6489.0
289,61873.0
290,1776.0
291,1551.0
292,6461.0
293,8332.0
294,6186.0
295,4027.0
296,3621.0
297,51707.0
298,14524.0
299,11739.0
300,4593.0
301,60978.0
302,2700.0
303,7353.0
304,9840.0
305,52063.0
306,6593.0
307,52063.0
308,5232.0
309,49613.0
310,15059.0
311,3685.0
312,53499.0
313,3072.0
314,2410.0
315,3568.0
316,32859.0
317,4069.0
318,4637.0
319,7813.0
320,4674.0
321,4272.0
322,60978.0
323,5882.0
324,2436.0
325,6275.0
326,9242.0
327,8092.0
328,4387.0
329,4755.0
330,3346.0
331,9828.0
332,8111.0
333,60978.0
334,5120.0
335,8016.0
336,11129.0
337,4482.0
338,22140.0
339,13759.0
340,44280.0
341,45805.0
342,51457.0
343,4454.0
344,5888.0
345,12210.0
346,77355.0
347,3090.0
348,3393.0
349,5949.0
350,11383.0
351,2857.0
352,5949.0
353,4933.0
354,3862.0
355,3988.0
356,106753.0
357,50957.0
358,4876.0
359,4499.0
360,51697.0
361,58125.0
362,5954.0
363,51875.0
364,2476.0
365,62448.0
366,27792.0
367,3334.0
368,3565.0
369,6542.0
370,8059.0
371,12150.0
372,4028.0
373,5949.0
374,5949.0
375,11129.0
376,49613.0
377,5289.0
378,52287.0
379,4496.0
380,2124.0
381,61933.0
382,7142.0
383,4054.0
384,4249.0
385,5632.0
386,64173.0
387,78870.0
388,4111.0
389,58212.0
390,58125.0
391,70095.0
392,69713.0
393,4555.0
394,55377.0
395,68303.0
396,54684.0
397,55374.0
398,5875.0
399,5986.0
400,2482.0
401,7338.0
402,6292.0
403,8093.0
404,54777.0
405,59021.0
406,3491.0
407,5012.0
408,64285.0
409,5955.0
410,3334.0
411,6488.0
412,53743.0
413,5772.0
414,4755.0
415,4452.0
416,2410.0
417,29096.0
418,8938.0
419,56588.0
420,11129.0
421,3999.0
422,4039.0
423,4000.0
424,57057.0
425,17082.0
426,3822.0
427,3393.0
428,12054.0
429,2150.0
430,5915.0
431,49177.0
432,6578.0
433,5843.0
434,70714.0
435,2201.0
436,6207.0
437,8988.0
438,11205.0
439,5530.0
440,66779.0
441,7877.0
442,60508.0
443,9790.0
444,4390.0
445,4294.0
446,49725.0
447,45189.0
448,10002.0
449,2874.0
450,51345.0
451,49613.0
452,45693.0
453,6072.0
454,6488.0
455,4927.0
456,2050.0
457,49553.0
458,39321.0
459,9879.0
460,7212.0
461,5696.0
462,5949.0
463,4500.0
464,12118.0
465,1776.0
466,2150.0
467,5955.0
468,3873.0
469,4230.0
470,7352.0
471,9840.0
472,7774.0
473,4763.0
474,5955.0
475,6344.0
476,10018.0
477,13282.0
478,4294.0
479,13653.0
480,23838.0
481,4893.0
482,7462.0
483,2723.0
484,3569.0
485,11129.0
486,6200.0
487,81284.0
488,4755.0
489,52063.0
490,5177.0
491,50271.0
492,3542.0
493,55983.0
494,45995.0
495,6191.0
496,32646.0
497,6117.0
498,4496.0
499,85744.0
500,44280.0
501,4500.0
502,4111.0
503,64173.0
504,44144.0
505,43865.0
506,7959.0
507,4449.0
508,32859.0
509,2410.0
510,55377.0
511,5520.0
512,10301.0
513,34460.0
514,7954.0
515,76684.0
516,69244.0
517,3153.0
518,45693.0
519,4363.0
520,4663.0
521,71353.0
522,54608.0
523,4048.0
524,4672.0
525,9967.0
526,6731.0
527,7571.0
528,3622.0
529,6209.0
530,18313.0
531,57554.0
532,3999.0
533,69311.0
534,11205.0
535,11469.0
536,68899.0
537,56476.0
538,5950.0
539,4896.0
540,3381.0
541,3519.0
542,3100.0
543,12276.0
544,54684.0
545,85820.0
546,51875.0
547,3862.0
548,11835.0
549,89729.0
550,4041.0
551,54841.0
552,6427.0
553,4209.0
554,4357.0
555,4362.0
556,4660.0
557,53743.0
558,53743.0
559,6082.0
560,42521.0
561,42746.0
562,4031.0
563,6024.0
564,2835.0
565,3819.0
566,49553.0
567,17621.0
568,8954.0
569,7425.0
570,6633.0
571,3677.0
572,18135.0
573,20244.0
574,2994.0
575,47586.0
576,4783.0
577,51372.0
578,3324.0
579,49725.0
580,66063.0
581,53164.0
582,3072.0
583,2339.0
584,2201.0
585,6568.0
586,57017.0
587,9840.0
588,74441.0
589,4501.0
590,4007.0
591,7487.0
592,56273.0
593,66063.0
594,5276.0
595,7530.0
596,64113.0
597,5276.0
598,2780.0
599,11675.0
600,41101.0
601,6461.0
602,5018.0
603,3999.0
604,4672.0
605,53164.0
606,6488.0
607,69713.0
608,36700.0
609,3860.0
610,6502.0
611,53645.0
612,4230.0
613,66928.0
614,5943.0
615,5339.0
616,6710.0
617,4028.0
618,13524.0
619,62617.0
620,51819.0
621,82751.0
622,6354.0
623,6067.0
624,9093.0
625,3862.0
626,4205.0
627,45185.0
628,56476.0
629,5622.0
630,62729.0
631,4262.0
632,80566.0
633,5227.0
634,3371.0
635,3625.0
636,3831.0
637,9510.0
638,57081.0
639,2228.0
640,49207.0
641,39499.0
642,14861.0
643,3797.0
644,4554.0
645,4000.0
646,62617.0
647,67004.0
648,2723.0
649,11069.0
650,7530.0
651,49896.0
652,4107.0
653,61873.0
654,60365.0
655,6395.0
656,6461.0
657,2074.0
658,7927.0
659,53209.0
660,5881.0
661,5985.0
662,6840.0
663,2874.0
664,22503.0
665,5523.0
666,12267.0
667,9828.0
668,4230.0
669,5905.0
670,6702.0
671,65167.0
672,10828.0
673,3048.0
674,27976.0
675,57920.0
676,63163.0
677,32859.0
678,3962.0
679,14355.0
680,6661.0
681,5293.0
682,4649.0
683,7425.0
684,8799.0
685,7767.0
686,8867.0
687,12150.0
688,4453.0
689,4709.0
690,10848.0
691,3997.0
692,57405.0
693,7353.0
694,7958.0
695,5006.0
696,6502.0
697,6450.0
698,2339.0
699,13122.0
700,4357.0
701,67645.0
702,2300.0
703,3862.0
704,6998.0
705,51384.0
706,4056.0
707,51595.0
708,3361.0
709,3090.0
710,50271.0
711,11675.0
712,56588.0
713,42312.0
714,5033.0
715,57992.0
716,3911.0
717,5960.0
718,10680.0
719,23838.0
720,6458.0
721,72730.0
722,49207.0
723,54608.0
724,10456.0
725,37929.0
726,55983.0
727,9343.0
728,3153.0
729,3633.0
730,79548.0
731,27864.0
732,10903.0
733,4792.0
734,3393.0
735,31622.0
736,3571.0
737,3361.0
738,5588.0
739,60978.0
740,42457.0
741,58315.0
742,51345.0
743,4165.0
744,59929.0
745,11069.0
746,7473.0
747,52175.0
748,8696.0
749,55983.0
750,45600.0
751,5037.0
752,6726.0
753,5343.0
754,2835.0
755,4009.0
756,56588.0
757,45883.0
758,11383.0
759,51457.0
760,3457.0
761,6467.0
762,5042.0
763,8111.0
764,6254.0
765,54896.0
766,4357.0
767,82317.0
768,6450.0
769,4827.0
770,6510.0
771,5178.0
772,52175.0
773,77868.0
774,6437.0
775,4680.0
776,32881.0
777,37985.0
778,3654.0
779,4020.0
780,2456.0
781,5220.0
782,43729.0
783,5954.0
784,23484.0
785,8275.0
786,7950.0
787,12813.0
788,4439.0
789,73369.0
790,17064.0
791,44682.0
792,31450.0
793,2723.0
794,31982.0
795,23944.0
796,64831.0
797,4677.0
798,6841.0
799,6165.0
800,1714.0
801,19279.0
802,4399.0
803,3223.0
804,51372.0
805,6308.0
806,24234.0
807,82317.0
808,12897.0
809,45883.0
810,7530.0
811,40593.0
812,5960.0
813,4896.0
814,60260.0
815,6488.0
816,8719.0
817,6067.0
818,4593.0
819,4414.0
820,59917.0
821,51707.0
822,3971.0
823,24122.0
824,51707.0
825,50271.0
826,6823.0
827,52175.0
828,3521.0
829,56590.0
830,4020.0
831,9828.0
832,3551.0
833,63277.0
834,64173.0
835,4971.0
836,3788.0
837,41101.0
838,12348.0
839,5040.0
840,11129.0
841,60365.0
842,42521.0
843,1998.0
844,23944.0
845,6319.0
846,66928.0
847,43376.0
848,10774.0
849,4200.0
850,14364.0
851,4020.0
852,7496.0
853,3951.0
854,44144.0
855,25683.0
856,4099.0
857,54684.0
858,4313.0
859,6133.0
860,8111.0
861,4556.0
862,3220.0
863,53937.0
864,4494.0
865,1890.0
866,11205.0
867,56702.0
868,2124.0
869,3862.0
870,64285.0
871,4708.0
872,10995.0
873,45257.0
874,11237.0
875,75803.0
876,4368.0
877,3379.0
878,44280.0
879,3521.0
880,65457.0
881,3971.0
882,4339.0
883,10769.0
884,3677.0
885,6568.0
886,5102.0
887,3988.0
888,53164.0
889,39499.0
890,2100.0
891,4554.0
892,2201.0
893,3572.0
894,62448.0
895,10090.0
896,77980.0
897,3372.0
898,60232.0
899,6461.0
900,5177.0
901,53512.0
902,41113.0
903,15973.0
904,4556.0
905,4755.0
906,4979.0
907,52287.0
908,60978.0
909,4452.0
910,6314.0
911,5314.0
912,3194.0
913,69997.0
914,4656.0
915,5656.0
916,54777.0
917,4705.0
918,34472.0
919,3393.0
920,11069.0
921,53743.0
922,7487.0
923,55377.0
924,4672.0
925,54608.0
926,4348.0
927,62729.0
928,5928.0
929,27976.0
930,12605.0
931,9201.0
932,2857.0
933,49177.0
934,4453.0
935,4977.0
936,4079.0
937,6122.0
938,50868.0
939,11139.0
940,5810.0
941,3855.0
942,67004.0
943,5135.0
944,3603.0
945,2339.0
946,18614.0
947,57992.0
948,1890.0
949,67645.0
950,60365.0
951,44405.0
952,57081.0
953,5101.0
954,12150.0
955,3357.0
956,49207.0
957,6200.0
958,7958.0
959,3191.0
960,56991.0
961,52287.0
962,5102.0
963,11508.0
964,3458.0
965,4505.0
966,6502.0
967,64173.0
968,20244.0
969,4444.0
970,3845.0
971,7232.0
972,57453.0
973,4020.0
974,52522.0
975,59254.0
976,65033.0
977,4357.0
978,59948.0
979,4846.0
980,5177.0
981,10018.0
982,60396.0
983,6093.0
984,6093.0
985,3677.0
986,7212.0
987,16146.0
988,4555.0
989,3015.0
990,6512.0
991,57999.0
992,63277.0
993,7284.0
994,54608.0
995,15183.0
996,4453.0
997,5293.0
998,5943.0
999,5761.0
1000,4111.0
1001,3646.0
1002,11488.0
1003,60508.0
1004,3471.0
1005,12722.0
1006,12045.0
1007,4079.0
1008,3174.0
1009,12926.0
1010,3175.0
1011,29764.0
1012,48079.0
1013,4363.0
1014,54777.0
1015,70095.0
1016,47545.0
1017,42457.0
1018,10961.0
1019,9522.0
1020,3096.0
1021,20478.0
1022,4230.0
1023,2586.0
1024,68317.0
1025,12926.0
1026,58125.0
1027,4020.0
1028,49177.0
1029,4658.0
1030,54684.0
1031,5006.0
1032,3090.0
1033,42521.0
1034,7489.0
1035,5441.0
1036,26296.0
1037,2994.0
1038,45189.0
1039,4079.0
1040,3000.0
1041,58111.0
1042,32923.0
1043,9493.0
1044,6296.0
1045,5659.0
1046,62591.0
1047,36565.0
1048,4499.0
1049,6450.0
1050,2098.0
1051,3389.0
1052,5231.0
1053,4027.0
1054,69515.0
1055,3153.0
1056,6450.0
1057,7919.0
1058,11803.0
1059,8842.0
1060,3191.0
1061,59254.0
1062,49207.0
1063,4099.0
1064,8224.0
1065,9879.0
1066,4979.0
1067,14889.0
1068,20000.0
1069,53152.0
1070,1714.0
1071,4387.0
1072,40447.0
1073,57920.0
1074,16212.0
1075,12524.0
1076,6521.0
1077,5805.0
1078,4827.0
1079,20978.0
1080,3269.0
1081,41281.0
1082,5617.0
1083,4028.0
1084,13054.0
1085,2994.0
1086,6466.0
1087,7982.0
1088,7332.0
1089,17223.0
1090,5547.0
1091,6444.0
1092,12150.0
1093,4453.0
1094,4208.0
1095,6017.0
1096,49063.0
1097,63979.0
1098,4783.0
1099,4500.0
1100,47844.0
1101,2057.0
1102,14014.0
1103,3219.0
1104,62524.0
1105,2823.0
1106,5954.0
1107,4971.0
1108,7434.0
1109,57992.0
1110,2339.0
1111,12150.0
1112,54684.0
1113,6262.0
1114,51817.0
1115,12768.0
1116,4020.0
1117,60508.0
1118,44144.0
1119,5339.0
1120,3381.0
1121,3346.0
1122,4087.0
1123,5289.0
1124,4496.0
1125,54115.0
1126,6568.0
1127,4417.0
1128,48289.0
1129,9306.0
1130,4028.0
1131,14374.0
1132,6287.0
1133,64397.0
1134,5892.0
1135,5141.0
1136,5193.0
1137,5014.0
1138,27864.0
1139,5467.0
1140,2835.0
1141,5100.0
1142,8220.0
1143,2336.0
1144,6568.0
1145,44144.0
1146,59929.0
1147,13620.0
1148,41101.0
1149,9079.0
1150,2901.0
1151,4640.0
1152,11448.0
1153,4173.0
1154,5942.0
1155,12118.0
1156,5960.0
1157,4367.0
1158,45257.0
1159,4202.0
1160,2339.0
1161,7404.0
1162,8111.0
1163,5790.0
1164,82816.0
1165,5605.0
1166,51058.0
1167,6966.0
1168,6395.0
1169,12524.0
1170,6489.0
1171,5441.0
1172,29094.0
1173,3024.0
1174,6461.0
1175,2723.0
1176,4387.0
1177,2124.0
1178,4593.0
1179,13089.0
1180,4499.0
1181,3354.0
1182,5102.0
1183,37432.0
1184,55377.0
1185,16435.0
1186,6133.0
1187,53937.0
1188,2723.0
1189,6024.0
1190,12214.0
1191,72125.0
1192,58394.0
1193,18305.0
1194,4099.0
1195,1998.0
1196,10608.0
1197,77217.0
1198,14154.0
1199,5037.0
1200,5943.0
1201,12768.0
1202,22152.0
1203,5772.0
1204,59880.0
1205,5949.0
1206,16149.0
1207,4603.0
1208,5513.0
1209,8401.0
1210,4748.0
1211,53743.0
1212,55377.0
1213,3219.0
1214,6843.0
1215,4111.0
1216,17911.0
1217,3393.0
1218,2723.0
1219,54684.0
1220,37256.0
1221,78400.0
1222,3862.0
1223,3512.0
1224,47586.0
1225,51817.0
1226,4414.0
1227,6082.0
1228,4501.0
1229,9348.0
1230,48079.0
1231,4501.0
1232,5500.0
1233,5815.0
1234,5772.0
1235,60365.0
1236,4453.0
1237,70588.0
1238,4020.0
1239,11237.0
1240,11069.0
1241,51707.0
1242,5606.0
1243,57992.0
1244,5810.0
1245,10301.0
1246,5943.0
1247,6690.0
1248,4896.0
1249,6294.0
1250,7450.0
1251,4272.0
1252,56702.0
1253,60978.0
1254,2339.0
1255,3153.0
1256,54608.0
1257,5502.0
1258,5380.0
1259,5622.0
1260,10961.0
1261,3571.0
1262,9506.0
1263,10522.0
1264,39377.0
1265,3961.0
1266,34472.0
1267,6241.0
1268,7423.0
1269,7352.0
1270,57453.0
1271,7465.0
1272,5500.0
1273,18620.0
1274,10744.0
1275,5954.0
1276,4272.0
1277,84756.0
1278,7584.0
1279,16149.0
1280,73369.0
1281,23944.0
1282,57393.0
1283,4453.0
1284,5102.0
1285,4079.0
1286,60553.0
1287,5760.0
1288,80511.0
1289,5782.0
1290,7982.0
1291,5915.0
1292,49613.0
1293,6067.0
1294,9141.0
1295,4386.0
1296,52586.0
1297,4007.0
1298,9221.0
1299,12637.0
1300,7081.0
1301,6612.0
1302,59033.0
1303,2336.0
1304,3194.0
1305,6461.0
1306,4501.0
1307,5178.0
1308,4591.0
1309,53937.0
1310,62314.0
1311,5985.0
1312,13524.0
1313,53824.0
1314,37985.0
1315,11069.0
1316,12544.0
1317,5502.0
1318,5177.0
1319,1694.0
1320,25623.0
1321,5910.0
1322,7877.0
1323,2124.0
1324,5954.0
1325,51382.0
1326,3090.0
1327,6159.0
1328,67601.0
1329,4020.0
1330,7473.0
1331,7122.0
1332,20433.0
1333,1890.0
1334,12880.0
1335,11129.0
1336,6461.0
1337,30808.0
1338,7833.0
1339,5193.0
1340,7518.0
1341,9419.0
1342,2339.0
1343,2410.0
1344,5250.0
1345,2098.0
1346,66928.0
1347,4417.0
1348,48795.0
1349,5873.0
1350,5574.0
1351,11508.0
1352,10425.0
1353,11675.0
1354,3466.0
1355,10523.0
1356,39682.0
1357,27864.0
1358,9828.0
1359,5120.0
1360,13014.0
1361,4173.0
1362,62793.0
1363,8112.0
1364,3349.0
1365,44280.0
1366,63577.0
1367,12054.0
1368,6427.0
1369,51817.0
1370,60260.0
1371,4284.0
1372,20760.0
1373,5780.0
1374,45672.0
1375,4702.0
1376,11675.0
1377,5437.0
1378,4634.0
1379,4417.0
1380,54684.0
1381,4687.0
1382,66928.0
1383,51595.0
1384,41281.0
1385,5253.0
1386,4284.0
1387,3953.0
1388,4208.0
1389,57992.0
1390,5454.0
1391,54115.0
1392,2105.0
1393,48851.0
1394,51697.0
1395,2850.0
1396,4896.0
1397,6765.0
1398,54608.0
1399,36712.0
1400,72125.0
1401,8904.0
1402,52175.0
1403,6195.0
1404,2410.0
1405,32923.0
1406,9278.0
1407,69168.0
1408,9178.0
1409,3977.0
1410,45693.0
1411,5542.0
1412,6489.0
1413,62045.0
1414,15183.0
1415,52715.0
1416,5656.0
1417,6159.0
1418,2150.0
1419,5141.0
1420,4247.0
1421,66290.0
1422,3720.0
1423,38099.0
1424,5949.0
1425,49725.0
1426,4500.0
1427,6858.0
1428,44144.0
1429,1830.0
1430,2767.0
1431,53209.0
1432,58282.0
1433,3014.0
1434,1755.0
1435,3014.0
1436,77196.0
1437,7584.0
1438,28510.0
1439,60396.0
1440,47217.0
1441,7423.0
1442,55983.0
1443,51707.0
1444,7269.0
1445,62188.0
1446,59649.0
1447,7425.0
1448,42457.0
1449,2960.0
1450,64113.0
1451,2994.0
1452,50957.0
1453,4357.0
1454,5102.0
1455,4500.0
1456,39547.0
1457,60260.0
1458,6287.0
1459,3361.0
1460,3389.0
1461,12054.0
1462,6093.0
1463,48795.0
1464,3000.0
1465,2050.0
1466,1755.0
1467,45371.0
1468,44280.0
1469,51875.0
1470,5709.0
1471,14283.0
1472,10608.0
1473,3496.0
1474,54777.0
1475,1998.0
1476,14501.0
1477,53209.0
1478,4914.0
1479,6489.0
1480,13095.0
1481,42521.0
1482,41281.0
1483,4020.0
1484,4387.0
1485,6578.0
1486,14002.0
1487,6461.0
1488,37888.0
1489,6075.0
1490,8401.0
1491,8396.0
1492,45693.0
1493,45995.0
1494,9201.0
1495,53645.0
1496,67130.0
1497,1998.0
1498,7487.0
1499,5625.0
1500,6133.0
1501,6958.0
1502,24121.0
1503,3219.0
1504,9201.0
1505,5014.0
1506,78400.0
1507,3393.0
1508,79817.0
1509,41281.0
1510,60978.0
1511,6568.0
1512,60260.0
1513,49177.0
1514,6502.0
1515,39547.0
1516,38099.0
1517,4417.0
1518,4663.0
1519,63979.0
1520,4846.0
1521,4663.0
1522,3622.0
1523,5817.0
1524,55983.0
1525,9996.0
1526,11383.0
1527,13474.0
1528,38099.0
1529,6172.0
1530,9510.0
1531,45693.0
1532,4251.0
1533,39321.0
1534,10384.0
1535,5179.0
1536,41314.0
1537,11854.0
1538,14343.0
1539,5709.0
1540,6024.0
1541,9090.0
1542,60232.0
1543,6488.0
1544,42457.0
1545,27864.0
1546,54684.0
1547,24234.0
1548,12917.0
1549,6266.0
1550,43697.0
1551,5330.0
1552,7691.0
1553,89729.0
1554,7487.0
1555,4612.0
1556,4827.0
1557,10117.0
1558,33979.0
1559,9242.0
1560,92633.0
1561,7212.0
1562,7409.0
1563,61583.0
1564,69244.0
1565,6461.0
1566,7212.0
1567,5949.0
1568,7496.0
1569,53152.0
1570,4019.0
1571,7774.0
1572,4402.0
1573,3393.0
1574,19279.0
1575,53937.0
1576,15232.0
1577,7352.0
1578,55377.0
1579,5293.0
1580,6444.0
1581,51595.0
1582,2410.0
1583,69244.0
1584,3393.0
1585,4796.0
1586,13168.0
1587,3862.0
1588,6082.0
1589,45257.0
1590,67635.0
1591,51345.0
1592,5675.0
1593,9506.0
1594,1924.0
1595,6488.0
1596,3000.0
1597,5817.0
1598,22152.0
1599,5695.0
1600,51875.0
1601,10593.0
1602,10680.0
1603,5760.0
1604,10757.0
1605,7466.0
1606,60232.0
1607,3571.0
1608,7257.0
1609,4784.0
1610,60260.0
1611,3999.0
1612,4494.0
1613,6466.0
1614,4496.0
1615,51595.0
1616,37929.0
1617,58212.0
1618,4229.0
1619,5545.0
1620,54608.0
1621,66155.0
1622,4660.0
1623,4249.0
1624,3015.0
1625,4020.0
1626,6568.0
1627,64285.0
1628,7982.0
1629,39377.0
1630,51819.0
1631,9855.0
1632,5206.0
1633,6068.0
1634,6389.0
1635,10243.0
1636,7425.0
1637,11069.0
1638,8442.0
1639,4663.0
1640,5888.0
1641,53743.0
1642,12276.0
1643,18765.0
1644,7971.0
1645,60508.0
1646,6450.0
1647,62188.0
1648,41064.0
1649,6230.0
1650,14014.0
1651,51457.0
1652,11696.0
1653,57081.0
1654,2336.0
1655,12150.0
1656,11260.0
1657,5206.0
1658,73377.0
1659,4111.0
1660,6200.0
1661,58032.0
1662,5890.0
1663,5339.0
1664,55502.0
1665,4919.0
1666,1755.0
1667,11069.0
1668,8321.0
1669,5875.0
1670,50271.0
1671,59253.0
1672,5177.0
1673,3876.0
1674,13728.0
1675,32923.0
1676,60508.0
1677,1755.0
1678,56476.0
1679,5967.0
1680,54115.0
1681,4453.0
1682,54841.0
1683,3987.0
1684,5588.0
1685,2336.0
1686,3457.0
1687,3453.0
1688,5624.0
1689,1714.0
1690,1776.0
1691,6489.0
1692,5623.0
1693,4437.0
1694,55983.0
1695,2410.0
1696,3496.0
1697,5780.0
1698,4056.0
1699,54841.0
1700,6568.0
1701,4969.0
1702,5817.0
1703,5289.0
1704,2723.0
1705,13014.0
1706,6488.0
1707,5227.0
1708,4501.0
1709,8386.0
1710,4789.0
1711,6120.0
1712,10395.0
1713,6998.0
1714,5206.0
1715,44144.0
1716,4672.0
1717,5414.0
1718,10721.0
1719,2704.0
1720,54608.0
1721,22140.0
1722,5915.0
1723,5955.0
1724,5330.0
1725,66928.0
1726,51817.0
1727,6161.0
1728,57992.0
1729,4387.0
1730,4498.0
1731,57453.0
1732,6068.0
1733,22322.0
1734,2994.0
1735,5760.0
1736,36577.0
1737,49177.0
1738,11675.0
1739,2949.0
1740,3988.0
1741,5955.0
1742,1603.0
1743,1830.0
1744,5193.0
1745,6082.0
1746,2738.0
1747,14337.0
1748,4173.0
1749,50297.0
1750,6319.0
1751,51707.0
1752,9840.0
1753,4496.0
1754,69244.0
1755,6131.0
1756,36577.0
1757,37985.0
1758,9771.0
1759,62045.0
1760,25600.0
1761,63277.0
1762,9168.0
1763,5103.0
1764,2124.0
1765,5177.0
1766,1105.0
1767,4979.0
1768,7309.0
1769,12813.0
1770,6776.0
1771,7753.0
1772,14620.0
1773,53071.0
1774,3072.0
1775,57920.0
1776,4453.0
1777,4028.0
1778,7434.0
1779,1105.0
1780,59033.0
1781,10018.0
1782,3603.0
1783,74141.0
1784,3916.0
1785,41314.0
1786,6450.0
1787,11335.0
1788,15006.0
1789,6583.0
1790,2339.0
1791,4294.0
1792,16149.0
1793,4393.0
1794,10672.0
1795,9879.0
1796,6015.0
1797,6024.0
1798,62045.0
1799,1924.0
1800,4417.0
1801,6349.0
1802,4221.0
1803,1830.0
1804,61404.0
1805,9840.0
1806,3000.0
1807,6488.0
1808,4827.0
1809,5960.0
1810,63816.0
1811,4792.0
1812,4755.0
1813,85473.0
1814,6611.0
1815,10469.0
1816,6489.0
1817,65529.0
1818,3401.0
1819,1977.0
1820,4027.0
1821,9960.0
1822,51819.0
1823,24056.0
1824,8394.0
1825,11415.0
1826,9264.0
1827,13874.0
1828,54608.0
1829,21483.0
1830,4413.0
1831,22140.0
1832,37658.0
1833,4111.0
1834,5178.0
1835,27864.0
1836,3344.0
1837,6450.0
1838,5099.0
1839,12166.0
1840,72125.0
1841,4452.0
1842,51457.0
1843,55502.0
1844,15525.0
1845,22503.0
1846,5574.0
1847,5322.0
1848,5955.0
1849,6921.0
1850,4259.0
1851,10712.0
1852,6200.0
1853,4863.0
1854,11129.0
1855,5760.0
1856,4755.0
1857,54841.0
1858,10248.0
1859,6375.0
1860,12658.0
1861,4452.0
1862,53152.0
1863,3916.0
1864,2359.0
1865,62045.0
1866,15531.0
1867,5293.0
1868,5730.0
1869,5014.0
1870,7081.0
1871,3491.0
1872,71376.0
1873,7466.0
1874,8112.0
1875,6374.0
1876,7004.0
1877,18305.0
1878,45883.0
1879,4827.0
1880,2271.0
1881,14314.0
1882,13874.0
1883,11129.0
1884,5949.0
1885,2480.0
1886,2477.0
1887,57666.0
1888,7424.0
1889,4294.0
1890,63269.0
1891,6489.0
1892,5865.0
1893,4209.0
1894,6082.0
1895,6067.0
1896,54684.0
1897,7774.0
1898,1714.0
1899,4363.0
1900,13705.0
1901,3843.0
1902,5060.0
1903,4144.0
1904,4262.0
1905,10967.0
1906,37985.0
1907,1822.0
1908,6395.0
1909,5888.0
1910,3336.0
1911,8988.0
1912,8043.0
1913,3979.0
1914,14524.0
1915,6699.0
1916,6500.0
1917,41314.0
1918,7489.0
1919,5040.0
1920,5337.0
1921,6067.0
1922,76612.0
1923,2203.0
1924,61874.0
1925,5040.0
1926,4130.0
1927,56476.0
1928,7697.0
1929,5495.0
1930,2201.0
1931,7106.0
1932,6009.0
1933,16140.0
1934,11567.0
1935,3379.0
1936,51457.0
1937,5102.0
1938,6593.0
1939,4594.0
1940,2476.0
1941,54684.0
1942,11205.0
1943,7999.0
1944,5632.0
1945,53152.0
1946,4695.0
1947,13054.0
1948,4593.0
1949,5102.0
1950,7877.0
1951,2438.0
1952,7352.0
1953,40593.0
1954,16149.0
1955,61873.0
1956,9201.0
1957,4971.0
1958,50747.0
1959,3594.0
1960,4081.0
1961,51707.0
1962,7434.0
1963,44939.0
1964,54841.0
1965,3498.0
1966,32859.0
1967,9178.0
1968,3096.0
1969,16099.0
1970,5289.0
1971,6603.0
1972,1890.0
1973,39499.0
1974,3986.0
1975,11488.0
1976,3458.0
1977,5234.0
1978,57939.0
1979,4099.0
1980,5177.0
1981,4896.0
1982,62448.0
1983,41113.0
1984,4099.0
1985,67645.0
1986,55983.0
1987,9735.0
1988,53152.0
1989,53499.0
1990,51345.0
1991,5178.0
1992,9306.0
1993,7072.0
1994,3288.0
1995,2050.0
1996,1776.0
1997,17913.0
1998,5100.0
1999,1543.0
2000,7338.0
2001,64831.0
2002,4173.0
2003,4477.0
2004,74880.0
2005,2339.0
2006,6577.0
2007,45600.0
2008,34472.0
2009,62748.0
2010,9904.0
2011,4111.0
2012,6476.0
2013,4755.0
2014,14784.0
2015,11919.0
2016,13903.0
2017,7701.0
2018,12249.0
2019,10425.0
2020,3334.0
2021,7958.0
2022,7212.0
2023,6389.0
2024,9419.0
2025,11352.0
2026,15508.0
2027,2409.0
2028,5760.0
2029,5632.0
2030,3234.0
2031,17257.0
2032,42457.0
2033,2395.0
2034,31982.0
2035,41101.0
2036,6583.0
2037,3860.0
2038,49613.0
2039,60978.0
2040,54896.0
2041,66077.0
2042,5780.0
2043,4230.0
2044,6318.0
2045,49613.0
2046,66290.0
2047,39499.0
2048,4230.0
2049,8805.0
2050,3862.0
2051,2250.0
2052,42312.0
2053,62067.0
2054,7762.0
2055,44280.0
2056,45883.0
2057,62591.0
2058,5949.0
2059,3496.0
2060,4499.0
2061,62448.0
2062,4165.0
2063,6339.0
2064,5232.0
2065,5934.0
2066,5888.0
2067,10503.0
2068,7487.0
2069,8233.0
2070,5399.0
2071,3280.0
2072,54684.0
2073,4496.0
2074,3105.0
2075,74365.0
2076,11520.0
2077,1543.0
2078,6779.0
2079,6172.0
2080,6489.0
2081,32881.0
2082,5622.0
2083,5828.0
2084,1714.0
2085,49725.0
2086,9332.0
2087,61628.0
2088,80566.0
2089,4249.0
2090,4663.0
2091,11205.0
2092,6128.0
2093,3219.0
2094,62188.0
2095,12424.0
2096,56943.0
2097,12544.0
2098,5949.0
2099,56702.0
2100,9798.0
2101,7426.0
2102,3015.0
2103,67769.0
2104,66267.0
2105,49725.0
2106,4971.0
2107,7106.0
2108,3324.0
2109,10783.0
2110,54841.0
2111,5136.0
2112,6412.0
2113,3362.0
2114,49553.0
2115,6568.0
2116,39847.0
2117,7425.0
2118,3625.0
2119,42746.0
2120,4979.0
2121,44144.0
2122,6229.0
2123,49725.0
2124,7412.0
2125,61874.0
2126,3153.0
2127,42746.0
2128,3015.0
2129,58315.0
2130,5107.0
2131,52063.0
2132,58125.0
2133,3357.0
2134,7426.0
2135,1998.0
2136,3458.0
2137,4453.0
2138,57939.0
2139,5193.0
2140,8816.0
2141,4496.0
2142,55502.0
2143,8140.0
2144,54777.0
2145,4249.0
2146,5060.0
2147,6427.0
2148,4496.0
2149,9723.0
2150,10116.0
2151,6109.0
2152,8411.0
2153,42521.0
2154,53152.0
2155,32859.0
2156,4208.0
2157,14150.0
2158,14314.0
2159,11319.0
2160,8069.0
2161,51707.0
2162,4500.0
2163,60260.0
2164,5144.0
2165,7412.0
2166,3775.0
2167,56476.0
2168,58315.0
2169,4979.0
2170,8414.0
2171,51595.0
2172,3998.0
2173,4348.0
2174,3100.0
2175,5894.0
2176,38043.0
2177,50271.0
2178,56588.0
2179,16269.0
2180,64173.0
2181,3090.0
2182,36546.0
2183,41281.0
2184,4363.0
2185,8084.0
2186,9735.0
2187,16624.0
2188,7900.0
2189,6314.0
2190,14238.0
2191,41314.0
2192,6296.0
2193,6450.0
2194,2203.0
2195,4672.0
2196,60978.0
2197,62448.0
2198,55983.0
2199,3153.0
2200,6072.0
2201,5485.0
2202,6295.0
2203,4755.0
2204,7691.0
2205,10268.0
2206,3862.0
2207,80861.0
2208,6341.0
2209,67769.0
2210,11508.0
2211,13524.0
2212,45693.0
2213,67769.0
2214,11129.0
2215,4209.0
2216,7572.0
2217,55983.0
2218,51817.0
2219,4019.0
2220,54684.0
2221,5293.0
2222,3000.0
2223,5656.0
2224,4294.0
2225,3961.0
2226,6324.0
2227,5103.0
2228,11955.0
2229,11913.0
2230,3334.0
2231,3980.0
2232,61597.0
2233,15688.0
2234,5954.0
2235,56588.0
2236,8803.0
2237,12066.0
2238,4294.0
2239,6776.0
2240,58247.0
2241,8396.0
2242,5236.0
2243,44069.0
2244,2150.0
2245,5042.0
2246,15000.0
2247,5229.0
2248,5953.0
2249,4452.0
2250,5037.0
2251,10069.0
2252,53152.0
2253,7425.0
2254,44025.0
2255,3194.0
2256,6488.0
2257,3153.0
2258,6135.0
2259,5806.0
2260,5942.0
2261,7412.0
2262,11520.0
2263,10248.0
2264,5960.0
2265,2586.0
2266,23838.0
2267,42521.0
2268,11129.0
2269,5761.0
2270,4637.0
2271,3361.0
2272,5772.0
2273,2124.0
2274,53743.0
2275,47657.0
2276,2271.0
2277,8988.0
2278,2056.0
2279,10087.0
2280,41064.0
2281,3916.0
2282,56991.0
2283,64969.0
2284,9523.0
2285,9935.0
2286,45693.0
2287,57393.0
2288,2228.0
2289,4909.0
2290,3999.0
2291,4731.0
2292,2201.0
2293,12308.0
2294,8148.0
2295,5772.0
2296,6848.0
2297,27864.0
2298,6568.0
2299,11100.0
2300,3911.0
2301,44144.0
2302,5894.0
2303,56702.0
2304,7487.0
2305,50957.0
2306,6287.0
2307,17257.0
2308,75721.0
2309,3754.0
2310,7352.0
2311,60396.0
2312,18798.0
2313,41281.0
2314,4357.0
2315,11175.0
2316,4086.0
2317,53164.0
2318,23484.0
2319,11868.0
2320,6009.0
2321,55087.0
2322,2124.0
2323,11007.0
2324,9971.0
2325,5955.0
2326,6022.0
2327,11508.0
2328,32859.0
2329,5954.0
2330,6172.0
2331,41314.0
2332,7584.0
2333,7465.0
2334,16331.0
2335,53164.0
2336,49553.0
2337,54115.0
2338,3397.0
2339,39499.0
2340,9073.0
2341,39499.0
2342,4896.0
2343,51707.0
2344,6510.0
2345,55982.0
2346,4173.0
2347,8023.0
2348,7551.0
2349,7304.0
2350,55377.0
2351,3862.0
2352,4496.0
2353,5092.0
2354,2336.0
2355,4554.0
2356,38099.0
2357,50823.0
2358,4612.0
2359,5761.0
2360,8396.0
2361,66267.0
2362,62045.0
2363,4637.0
2364,61649.0
2365,6461.0
2366,66267.0
2367,4506.0
2368,67635.0
2369,49553.0
2370,7404.0
2371,5037.0
2372,3654.0
2373,6133.0
2374,4515.0
2375,4094.0
2376,44144.0
2377,11812.0
2378,55377.0
2379,4827.0
2380,24056.0
2381,4489.0
2382,11129.0
2383,73951.0
2384,10753.0
2385,9201.0
2386,51817.0
2387,4637.0
2388,5786.0
2389,1890.0
2390,53743.0
2391,5772.0
2392,10680.0
2393,7426.0
2394,9775.0
2395,22152.0
2396,48079.0
2397,4501.0
2398,9840.0
2399,6235.0
2400,12318.0
2401,63218.0
2402,4499.0
2403,22140.0
2404,44405.0
2405,6133.0
2406,5159.0
2407,4496.0
2408,13526.0
2409,9201.0
2410,37846.0
2411,6821.0
2412,5882.0
2413,2850.0
2414,59929.0
2415,8954.0
2416,44405.0
2417,9828.0
2418,4792.0
2419,6133.0
2420,6324.0
2421,5954.0
2422,58315.0
2423,4496.0
2424,2329.0
2425,5943.0
2426,62045.0
2427,5102.0
2428,54684.0
2429,57017.0
2430,12185.0
2431,22152.0
2432,68303.0
2433,7572.0
2434,4262.0
2435,7425.0
2436,4249.0
2437,51817.0
2438,51345.0
2439,4363.0
2440,45185.0
2441,4111.0
2442,8555.0
2443,7978.0
2444,2336.0
2445,3000.0
2446,8391.0
2447,5949.0
2448,7424.0
2449,4385.0
2450,4663.0
2451,3862.0
2452,7959.0
2453,3633.0
2454,49553.0
2455,12465.0
2456,52287.0
2457,23944.0
2458,15002.0
2459,39499.0
2460,49859.0
2461,6488.0
2462,5934.0
2463,6052.0
2464,8112.0
2465,4498.0
2466,2564.0
2467,4086.0
2468,6337.0
2469,5227.0
2470,5549.0
2471,7489.0
2472,3684.0
2473,4251.0
2474,4390.0
2475,5960.0
2476,4209.0
2477,4274.0
2478,12185.0
2479,96587.0
2480,5060.0
2481,32923.0
2482,6024.0
2483,82751.0
2484,53209.0
2485,57920.0
2486,4757.0
2487,5127.0
2488,54841.0
2489,5409.0
2490,7610.0
2491,62617.0
2492,13122.0
2493,4896.0
2494,4363.0
2495,2857.0
2496,4637.0
2497,2792.0
2498,9201.0
2499,61583.0
2500,4071.0
2501,53209.0
2502,14356.0
2503,3096.0
2504,14889.0
2505,57666.0
2506,2339.0
2507,17604.0
2508,7490.0
2509,3423.0
2510,5107.0
2511,53164.0
2512,9879.0
2513,3845.0
2514,6048.0
2515,13613.0
2516,4758.0
2517,2250.0
2518,51817.0
2519,62045.0
2520,60508.0
2521,3987.0
2522,66063.0
2523,55983.0
2524,40593.0
2525,62045.0
2526,6024.0
2527,5093.0
2528,11783.0
2529,3090.0
2530,7683.0
2531,58315.0
2532,64969.0
2533,6349.0
2534,44280.0
2535,5179.0
2536,6880.0
2537,3519.0
2538,7352.0
2539,3397.0
2540,52175.0
2541,16149.0
2542,11691.0
2543,23898.0
2544,23424.0
2545,6219.0
2546,54684.0
2547,4792.0
2548,2111.0
2549,40447.0
2550,5954.0
2551,4069.0
2552,5805.0
2553,7054.0
2554,44144.0
2555,67769.0
2556,7412.0
2557,7476.0
2558,2124.0
2559,3096.0
2560,7487.0
2561,6598.0
2562,5294.0
2563,14865.0
2564,4173.0
2565,17619.0
2566,14250.0
2567,3357.0
2568,7424.0
2569,7081.0
2570,48079.0
2571,62188.0
2572,2124.0
2573,2564.0
2574,52063.0
2575,3788.0
2576,49725.0
2577,76684.0
2578,8321.0
2579,3346.0
2580,74880.0
2581,53937.0
2582,55377.0
2583,47545.0
2584,5465.0
2585,5942.0
2586,3820.0
2587,56702.0
2588,4359.0
2589,4990.0
2590,4969.0
2591,3153.0
2592,3393.0
2593,5765.0
2594,42457.0
2595,10892.0
2596,42312.0
2597,12990.0
2598,62045.0
2599,4496.0
2600,60160.0
2601,8508.0
2602,4071.0
2603,64831.0
2604,3987.0
2605,15667.0
2606,57920.0
2607,6437.0
2608,5179.0
2609,4453.0
2610,4020.0
2611,9175.0
2612,11069.0
2613,4056.0
2614,5949.0
2615,43165.0
2616,5953.0
2617,5418.0
2618,68841.0
2619,5954.0
2620,9798.0
2621,2339.0
2622,3999.0
2623,6195.0
2624,54896.0
2625,56588.0
2626,5253.0
2627,65529.0
2628,52175.0
2629,54841.0
2630,7212.0
2631,5622.0
2632,3334.0
2633,64457.0
2634,10616.0
2635,3153.0
2636,3862.0
2637,5960.0
2638,62045.0
2639,10680.0
2640,6133.0
2641,3862.0
2642,56588.0
2643,45693.0
2644,4056.0
2645,3963.0
2646,2464.0
2647,32923.0
2648,9703.0
2649,6444.0
2650,68784.0
2651,55983.0
2652,2250.0
2653,5193.0
2654,4007.0
2655,4672.0
2656,3994.0
2657,52715.0
2658,59021.0
2659,45995.0
2660,49725.0
2661,65517.0
2662,1998.0
2663,49992.0
2664,7814.0
2665,5232.0
2666,37900.0
2667,62255.0
2668,54684.0
2669,61873.0
2670,2622.0
2671,11205.0
2672,6963.0
2673,9719.0
2674,5399.0
2675,7494.0
2676,7054.0
2677,2410.0
2678,1830.0
2679,2049.0
2680,6502.0
2681,5697.0
2682,6240.0
2683,2968.0
2684,5943.0
2685,5102.0
2686,6390.0
2687,70154.0
2688,60260.0
2689,13014.0
2690,12054.0
2691,23838.0
2692,4048.0
2693,3349.0
2694,2056.0
2695,9201.0
2696,2050.0
2697,8092.0
2698,12468.0
2699,60978.0
2700,51345.0
2701,45257.0
2702,3090.0
2703,6807.0
2704,4500.0
2705,12114.0
2706,5817.0
2707,37985.0
2708,49725.0
2709,5467.0
2710,52063.0
2711,4896.0
2712,5178.0
2713,5269.0
2714,56588.0
2715,4913.0
2716,4111.0
2717,61933.0
2718,4099.0
2719,6854.0
2720,6158.0
2721,2410.0
2722,14628.0
2723,57856.0
2724,19194.0
2725,3153.0
2726,7484.0
2727,6308.0
2728,4452.0
2729,2250.0
2730,12880.0
2731,55377.0
2732,3397.0
2733,5549.0
2734,49613.0
2735,6266.0
2736,8396.0
2737,49613.0
2738,4294.0
2739,60396.0
2740,4496.0
2741,10127.0
2742,6461.0
2743,66779.0
2744,3810.0
2745,54608.0
2746,6339.0
2747,3951.0
2748,61032.0
2749,6082.0
2750,10018.0
2751,56588.0
2752,6578.0
2753,64285.0
2754,4403.0
2755,5761.0
2756,6262.0
2757,60365.0
2758,2359.0
2759,44583.0
2760,5824.0
2761,51819.0
2762,9879.0
2763,6544.0
2764,57992.0
2765,12150.0
2766,11057.0
2767,6461.0
2768,62729.0
2769,13122.0
2770,59033.0
2771,3014.0
2772,2723.0
2773,3393.0
2774,3361.0
2775,9828.0
2776,6275.0
2777,7877.0
2778,12150.0
2779,13525.0
2780,51707.0
2781,37929.0
2782,23793.0
2783,7352.0
2784,9879.0
2785,6461.0
2786,3266.0
2787,5954.0
2788,6966.0
2789,6324.0
2790,3090.0
2791,2271.0
2792,1830.0
2793,49401.0
2794,4500.0
2795,52063.0
2796,8111.0
2797,12658.0
2798,5390.0
2799,45776.0
2800,8380.0
2801,6319.0
2802,4071.0
2803,27864.0
2804,3062.0
2805,5761.0
2806,57920.0
2807,64113.0
2808,4649.0
2809,54115.0
2810,6067.0
2811,5617.0
2812,7309.0
2813,12389.0
2814,1776.0
2815,7424.0
2816,8112.0
2817,6806.0
2818,5441.0
2819,2516.0
2820,3571.0
2821,8011.0
2822,5102.0
2823,4020.0
2824,6809.0
2825,2477.0
2826,5954.0
2827,3584.0
2828,51457.0
2829,13011.0
2830,6405.0
2831,2409.0
2832,6714.0
2833,4221.0
2834,5219.0
2835,9277.0
2836,1996.0
2837,6069.0
2838,42521.0
2839,44571.0
2840,5441.0
2841,37929.0
2842,50361.0
2843,51817.0
2844,57920.0
2845,2792.0
2846,4977.0
2847,22140.0
2848,8709.0
2849,3191.0
2850,43910.0
2851,4536.0
2852,6324.0
2853,45995.0
2854,60978.0
2855,13122.0
2856,7774.0
2857,51595.0
2858,5282.0
2859,17604.0
2860,6476.0
2861,3677.0
2862,7487.0
2863,4302.0
2864,60396.0
2865,2836.0
2866,2051.0
2867,5206.0
2868,11069.0
2869,53152.0
2870,8641.0
2871,53209.0
2872,58876.0
2873,9277.0
2874,12288.0
2875,8059.0
2876,5949.0
2877,5771.0
2878,7904.0
2879,10563.0
2880,29764.0
2881,2410.0
2882,52063.0
2883,45257.0
2884,7174.0
2885,4071.0
2886,44144.0
2887,6147.0
2888,23944.0
2889,3096.0
2890,1654.0
2891,6494.0
2892,41101.0
2893,11188.0
2894,4338.0
2895,7950.0
2896,14250.0
2897,3916.0
2898,4499.0
2899,11310.0
2900,8092.0
2901,4721.0
2902,56702.0
2903,13524.0
2904,51819.0
2905,5415.0
2906,54777.0
2907,4674.0
2908,45672.0
2909,44280.0
2910,7950.0
2911,5953.0
2912,4748.0
2913,7317.0
2914,61023.0
2915,5177.0
2916,4413.0
2917,5530.0
2918,7488.0
2919,60978.0
2920,14681.0
2921,3015.0
2922,8210.0
2923,21463.0
2924,41314.0
2925,19505.0
2926,8210.0
2927,5104.0
2928,5576.0
2929,30808.0
2930,8954.0
2931,16213.0
2932,5289.0
2933,69065.0
2934,12054.0
2935,56588.0
2936,50361.0
2937,7774.0
2938,11153.0
2939,5629.0
2940,4499.0
2941,56476.0
2942,5467.0
2943,4453.0
2944,2250.0
2945,13873.0
2946,55502.0
2947,10744.0
2948,40843.0
2949,4111.0
2950,5234.0
2951,5548.0
2952,7412.0
2953,54608.0
2954,17510.0
2955,44144.0
2956,9310.0
2957,6308.0
2958,5227.0
2959,6592.0
2960,5120.0
2961,3862.0
2962,3424.0
2963,11129.0
2964,8224.0
2965,42457.0
2966,5465.0
2967,5698.0
2968,52175.0
2969,5800.0
2970,17794.0
2971,6395.0
2972,8426.0
2973,2056.0
2974,7958.0
2975,41314.0
2976,54684.0
2977,15204.0
2978,4028.0
2979,7489.0
2980,6033.0
2981,6966.0
2982,52063.0
2983,11319.0
2984,54608.0
2985,5099.0
2986,8133.0
2987,6488.0
2988,69713.0
2989,12054.0
2990,3996.0
2991,86144.0
2992,45883.0
2993,1543.0
2994,4249.0
2995,3000.0
2996,45033.0
2997,5955.0
2998,60553.0
2999,5949.0
3000,4908.0
3001,3862.0
3002,55983.0
3003,1755.0
3004,6099.0
3005,7484.0
3006,44682.0
3007,6235.0
3008,52726.0
3009,7053.0
3010,66063.0
3011,5943.0
3012,8906.0
3013,2480.0
3014,35490.0
3015,41314.0
3016,41314.0
3017,89729.0
3018,62793.0
3019,10127.0
3020,3646.0
3021,5159.0
3022,4257.0
3023,2723.0
3024,5942.0
3025,5232.0
3026,6578.0
3027,60601.0
3028,4452.0
3029,6450.0
3030,5399.0
3031,3999.0
3032,6067.0
3033,60978.0
3034,5765.0
3035,44280.0
3036,3979.0
3037,5888.0
3038,5014.0
3039,16359.0
3040,56588.0
3041,5761.0
3042,12894.0
3043,3253.0
3044,3916.0
3045,8111.0
3046,4338.0
3047,62045.0
3048,8148.0
3049,68317.0
3050,2124.0
3051,47217.0
3052,49613.0
3053,6593.0
3054,54684.0
3055,49725.0
3056,3911.0
3057,12920.0
3058,60508.0
3059,2203.0
3060,4314.0
3061,63579.0
3062,5824.0
3063,3001.0
3064,11488.0
3065,6489.0
3066,22140.0
3067,4496.0
3068,2228.0
3069,6461.0
3070,6956.0
3071,6133.0
3072,51457.0
3073,7833.0
3074,2464.0
3075,6489.0
3076,41064.0
3077,8555.0
3078,3625.0
3079,2613.0
3080,3379.0
3081,74480.0
3082,15560.0
3083,10608.0
3084,5539.0
3085,10608.0
3086,11129.0
3087,10586.0
3088,4500.0
3089,4363.0
3090,7496.0
3091,4589.0
3092,5954.0
3093,6082.0
3094,6161.0
3095,4111.0
3096,7321.0
3097,5523.0
3098,54684.0
3099,5805.0
3100,5942.0
3101,54777.0
3102,28510.0
3103,5415.0
3104,7877.0
3105,6488.0
3106,19197.0
3107,56069.0
3108,43910.0
3109,7212.0
3110,56040.0
3111,47586.0
3112,6122.0
3113,4674.0
3114,2203.0
3115,49725.0
3116,5227.0
3117,8954.0
3118,4069.0
3119,12045.0
3120,60508.0
3121,61404.0
3122,56590.0
3123,2050.0
3124,66063.0
3125,34472.0
3126,4827.0
3127,6932.0
3128,57081.0
3129,49553.0
3130,2201.0
3131,6825.0
3132,12591.0
3133,3916.0
3134,2339.0
3135,6776.0
3136,67004.0
3137,57453.0
3138,8647.0
3139,4979.0
3140,45672.0
3141,4501.0
3142,50271.0
3143,51595.0
3144,4637.0
3145,16529.0
3146,50361.0
3147,2723.0
3148,3729.0
3149,7221.0
3150,1788.0
3151,53743.0
3152,6488.0
3153,14492.0
3154,56588.0
3155,7709.0
3156,6105.0
3157,3389.0
3158,6642.0
3159,4724.0
3160,11383.0
3161,3916.0
3162,47545.0
3163,84756.0
3164,6720.0
3165,12454.0
3166,5949.0
3167,1890.0
3168,38099.0
3169,6489.0
3170,8539.0
3171,6296.0
3172,13054.0
3173,11205.0
3174,5949.0
3175,5949.0
3176,6633.0
3177,7419.0
3178,3014.0
3179,6612.0
3180,8274.0
3181,64173.0
3182,43865.0
3183,15092.0
3184,2271.0
3185,4704.0
3186,8844.0
3187,4656.0
3188,7106.0
3189,4314.0
3190,5892.0
3191,44546.0
3192,62045.0
3193,37985.0
3194,62255.0
3195,52715.0
3196,7004.0
3197,5907.0
3198,37985.0
3199,72339.0
3200,60555.0
3201,9840.0
3202,7652.0
3203,5953.0
3204,15204.0
3205,27792.0
3206,6437.0
3207,74844.0
3208,4416.0
3209,80861.0
3210,6728.0
3211,6292.0
3212,4031.0
3213,5778.0
3214,6489.0
3215,54608.0
3216,4272.0
3217,26472.0
3218,6067.0
3219,4417.0
3220,45324.0
3221,45805.0
3222,4202.0
3223,57920.0
3224,6721.0
3225,5006.0
3226,67130.0
3227,3607.0
3228,4111.0
3229,5107.0
3230,6195.0
3231,5120.0
3232,5404.0
3233,13014.0
3234,4165.0
3235,11205.0
3236,2410.0
3237,4263.0
3238,4496.0
3239,1776.0
3240,4556.0
3241,4007.0
3242,6133.0
3243,5040.0
3244,60978.0
3245,38099.0
3246,54608.0
3247,60396.0
3248,5700.0
3249,11069.0
3250,9201.0
3251,81585.0
3252,5810.0
3253,84793.0
3254,6082.0
3255,4453.0
3256,5943.0
3257,69739.0
3258,54608.0
3259,7125.0
3260,4111.0
3261,34472.0
3262,1830.0
3263,5177.0
3264,13944.0
3265,4469.0
3266,3014.0
3267,2723.0
3268,5953.0
3269,2327.0
3270,6804.0
3271,2621.0
3272,14778.0
3273,5943.0
3274,6883.0
3275,6779.0
3276,26396.0
3277,2074.0
3278,58315.0
3279,52063.0
3280,6489.0
3281,5949.0
3282,6122.0
3283,8555.0
3284,4500.0
3285,5954.0
3286,5805.0
3287,12408.0
3288,3819.0
3289,14628.0
3290,8972.0
3291,45805.0
3292,16308.0
3293,10069.0
3294,53209.0
3295,56273.0
3296,51817.0
3297,4792.0
3298,6122.0
3299,4391.0
3300,5702.0
3301,12591.0
3302,6386.0
3303,49725.0
3304,3149.0
3305,3737.0
3306,4086.0
3307,5542.0
3308,44280.0
3309,4499.0
3310,35520.0
3311,4158.0
3312,37256.0
3313,20978.0
3314,5276.0
3315,4054.0
3316,27864.0
3317,6633.0
3318,9879.0
3319,56476.0
3320,5322.0
3321,2665.0
3322,4952.0
3323,4099.0
3324,2051.0
3325,7338.0
3326,3389.0
3327,52586.0
3328,12054.0
3329,4038.0
3330,5954.0
3331,12768.0
3332,3105.0
3333,6985.0
3334,7338.0
3335,54684.0
3336,62793.0
3337,11488.0
3338,3726.0
3339,66940.0
3340,5413.0
3341,9560.0
3342,5033.0
3343,2132.0
3344,2278.0
3345,42521.0
3346,58315.0
3347,11383.0
3348,3571.0
3349,67004.0
3350,60601.0
3351,3269.0
3352,6461.0
3353,5574.0
3354,4439.0
3355,7484.0
3356,8579.0
3357,5954.0
3358,12150.0
3359,2480.0
3360,57920.0
3361,38099.0
3362,4500.0
3363,11129.0
3364,2343.0
3365,5606.0
3366,12920.0
3367,7425.0
3368,14250.0
3369,5441.0
3370,6008.0
3371,4071.0
3372,1543.0
3373,34460.0
3374,5960.0
3375,56590.0
3376,50957.0
3377,8393.0
3378,4501.0
3379,56588.0
3380,59033.0
3381,5943.0
3382,2410.0
3383,9881.0
3384,2823.0
3385,3090.0
3386,67842.0
3387,5761.0
3388,15024.0
3389,10127.0
3390,3999.0
3391,76009.0
3392,36700.0
3393,42457.0
3394,70154.0
3395,51817.0
3396,57920.0
3397,4071.0
3398,3013.0
3399,50271.0
3400,6544.0
3401,60978.0
3402,59537.0
3403,7584.0
3404,14002.0
3405,22609.0
3406,4871.0
3407,11664.0
3408,5289.0
3409,8043.0
3410,54841.0
3411,4086.0
3412,11205.0
3413,2339.0
3414,2201.0
3415,56588.0
3416,8355.0
3417,52392.0
3418,66928.0
3419,5761.0
3420,6840.0
3421,3987.0
3422,19201.0
3423,4491.0
3424,11739.0
3425,55377.0
3426,22140.0
3427,18733.0
3428,57666.0
3429,6324.0
3430,51457.0
3431,2482.0
3432,4209.0
3433,3393.0
3434,6502.0
3435,4357.0
3436,11310.0
3437,60978.0
3438,14313.0
3439,5502.0
3440,4672.0
3441,8555.0
3442,11383.0
3443,54896.0
3444,6002.0
3445,9717.0
3446,44280.0
3447,7899.0
3448,6009.0
3449,57790.0
3450,5152.0
3451,5465.0
3452,4079.0
3453,44280.0
3454,3986.0
3455,12524.0
3456,49613.0
3457,56206.0
3458,14364.0
3459,80544.0
3460,49553.0
3461,2339.0
3462,6467.0
3463,2410.0
3464,6169.0
3465,60508.0
3466,3620.0
3467,4960.0
3468,44280.0
3469,64831.0
3470,1776.0
3471,56588.0
3472,69244.0
3473,56273.0
3474,55982.0
3475,20684.0
3476,17643.0
3477,9597.0
3478,11383.0
3479,59254.0
3480,4028.0
3481,4524.0
3482,44405.0
3483,42521.0
3484,27976.0
3485,64890.0
3486,6163.0
3487,12917.0
3488,17064.0
3489,5441.0
3490,35554.0
3491,7433.0
3492,9840.0
3493,34472.0
3494,3000.0
3495,8112.0
3496,21285.0
3497,7241.0
3498,7572.0
3499,8580.0
3500,4792.0
3501,10535.0
3502,60978.0
3503,50969.0
3504,11675.0
3505,60260.0
3506,13339.0
3507,7089.0
3508,5323.0
3509,3450.0
3510,52175.0
3511,3646.0
3512,57920.0
3513,4357.0
3514,44144.0
3515,13161.0
3516,2700.0
3517,12150.0
3518,10680.0
3519,6841.0
3520,5232.0
3521,17013.0
3522,5760.0
3523,6885.0
3524,2098.0
3525,5568.0
3526,4919.0
3527,45805.0
3528,3381.0
3529,4019.0
3530,6319.0
3531,2124.0
3532,9034.0
3533,7908.0
3534,2477.0
3535,45257.0
3536,42457.0
3537,4653.0
3538,4660.0
3539,5892.0
3540,4556.0
3541,3401.0
3542,1694.0
3543,7424.0
3544,2201.0
3545,4079.0
3546,3090.0
3547,4469.0
3548,22152.0
3549,58315.0
3550,53164.0
3551,6542.0
3552,5102.0
3553,4297.0
3554,32881.0
3555,60508.0
3556,4111.0
3557,4783.0
3558,5735.0
3559,8641.0
3560,60978.0
3561,56476.0
3562,7135.0
3563,11153.0
3564,3279.0
3565,13524.0
3566,2339.0
3567,6067.0
3568,4019.0
3569,3389.0
3570,61899.0
3571,2339.0
3572,6307.0
3573,5843.0
3574,13044.0
3575,61404.0
3576,55377.0
3577,13361.0
3578,3862.0
3579,3677.0
3580,42457.0
3581,52063.0
3582,77131.0
3583,22152.0
3584,32923.0
3585,52063.0
3586,3349.0
3587,5568.0
3588,52392.0
3589,54608.0
3590,15017.0
3591,5719.0
3592,52175.0
3593,11741.0
3594,6122.0
3595,8527.0
3596,10680.0
3597,59524.0
3598,8709.0
3599,60396.0
3600,2339.0
3601,4253.0
3602,5954.0
3603,11664.0
3604,7425.0
3605,60260.0
3606,8803.0
3607,38099.0
3608,54896.0
3609,3754.0
3610,4556.0
3611,62045.0
3612,11696.0
3613,4230.0
3614,57565.0
3615,5942.0
3616,11469.0
3617,3968.0
3618,13410.0
3619,15788.0
3620,4165.0
3621,12033.0
3622,44144.0
3623,4944.0
3624,12110.0
3625,64969.0
3626,24056.0
3627,10744.0
3628,8134.0
3629,4874.0
3630,2464.0
3631,4209.0
3632,10202.0
3633,5542.0
3634,9453.0
3635,59805.0
3636,8526.0
3637,1776.0
3638,5227.0
3639,2339.0
3640,3860.0
3641,3393.0
3642,5569.0
3643,62255.0
3644,5269.0
3645,2336.0
3646,5322.0
3647,6568.0
3648,37985.0
3649,56702.0
3650,4230.0
3651,6195.0
3652,52287.0
3653,4637.0
3654,5730.0
3655,11786.0
3656,8899.0
3657,2857.0
3658,57666.0
3659,2862.0
3660,4316.0
3661,60260.0
3662,1924.0
3663,60396.0
3664,6489.0
3665,4496.0
3666,41314.0
3667,6489.0
3668,13054.0
3669,4236.0
3670,15624.0
3671,1830.0
3672,49725.0
3673,50810.0
3674,3175.0
3675,11129.0
3676,6699.0
3677,3457.0
3678,1977.0
3679,2339.0
3680,2835.0
3681,67004.0
3682,61874.0
3683,8177.0
3684,37888.0
3685,48851.0
3686,3236.0
3687,3496.0
3688,41281.0
3689,60365.0
3690,3979.0
3691,5761.0
3692,6437.0
3693,7584.0
3694,61873.0
3695,5943.0
3696,3334.0
3697,4272.0
3698,85473.0
3699,57017.0
3700,2049.0
3701,17428.5
3702,9424.0
3703,1830.0
3704,4792.0
3705,5322.0
3706,13014.0
3707,7488.0
3708,4502.0
3709,4995.0
3710,39623.0
3711,60365.0
3712,55377.0
3713,11048.0
3714,2700.0
3715,6779.0
3716,4111.0
3717,7877.0
3718,11205.0
3719,5843.0
3720,26472.0
3721,3956.0
3722,4111.0
3723,6109.0
3724,3677.0
3725,61933.0
3726,62045.0
3727,4359.0
3728,52715.0
3729,11448.0
3730,6841.0
3731,6489.0
3732,2361.0
3733,4363.0
3734,4755.0
3735,69515.0
3736,3999.0
3737,15254.0
3738,5523.0
3739,5888.0
3740,54608.0
3741,60508.0
3742,8111.0
3743,8867.0
3744,23838.0
3745,54684.0
3746,9277.0
3747,75093.0
3748,7411.0
3749,4276.0
3750,6489.0
3751,4663.0
3752,52522.0
3753,6467.0
3754,64285.0
3755,4896.0
3756,31436.0
3757,7145.0
3758,7190.0
3759,7999.0
3760,7411.0
3761,4593.0
3762,1543.0
3763,63979.0
3764,51697.0
3765,2903.0
3766,4453.0
3767,2056.0
3768,52586.0
3769,49177.0
3770,4357.0
3771,6195.0
3772,4007.0
3773,4971.0
3774,5102.0
3775,3393.0
3776,7489.0
3777,5006.0
3778,4448.0
3779,4814.0
3780,42521.0
3781,6314.0
3782,15204.0
3783,51345.0
3784,12033.0
3785,11520.0
3786,54684.0
3787,53440.0
3788,54684.0
3789,16042.0
3790,2278.0
3791,4482.0
3792,56702.0
3793,12054.0
3794,35490.0
3795,4789.0
3796,6295.0
3797,13759.0
3798,36980.0
3799,23424.0
3800,5126.0
3801,5817.0
3802,8988.0
3803,27864.0
3804,6932.0
3805,7572.0
3806,6133.0
3807,6172.0
3808,8718.0
3809,4909.0
3810,55983.0
3811,53152.0
3812,54777.0
3813,44025.0
3814,9879.0
3815,4208.0
3816,2150.0
3817,51697.0
3818,44144.0
3819,2336.0
3820,3282.0
3821,6661.0
3822,54608.0
3823,2409.0
3824,34460.0
3825,5949.0
3826,39499.0
3827,42457.0
3828,7434.0
3829,10608.0
3830,11205.0
3831,6017.0
3832,5734.0
3833,5441.0
3834,4910.0
3835,30808.0
3836,4190.0
3837,34472.0
3838,56590.0
3839,5178.0
3840,2105.0
3841,52175.0
3842,62045.0
3843,4807.0
3844,27864.0
3845,60160.0
3846,4170.0
3847,35554.0
3848,4262.0
3849,7224.0
3850,2723.0
3851,2437.0
3852,6122.0
3853,45693.0
3854,7527.0
3855,5232.0
3856,71056.0
3857,6319.0
3858,5960.0
3859,20433.0
3860,5772.0
3861,9201.0
3862,3096.0
3863,51707.0
3864,3381.0
3865,45883.0
3866,24122.0
3867,7572.0
3868,5875.0
3869,30558.0
3870,2339.0
3871,51707.0
3872,4427.0
3873,8107.0
3874,32923.0
3875,7212.0
3876,5949.0
3877,3862.0
3878,6461.0
3879,12557.0
3880,49553.0
3881,10090.0
3882,3633.0
3883,6578.0
3884,5943.0
3885,60260.0
3886,3699.0
3887,27976.0
3888,10593.0
3889,2476.0
3890,4029.0
3891,8100.0
3892,3855.0
3893,6461.0
3894,9840.0
3895,36980.0
3896,1543.0
3897,5810.0
3898,1830.0
3899,6241.0
3900,6262.0
3901,9141.0
3902,4896.0
3903,55377.0
3904,45805.0
3905,58125.0
3906,5918.0
3907,50271.0
3908,60365.0
3909,53743.0
3910,6122.0
3911,3219.0
3912,4130.0
3913,6919.0
3914,5322.0
3915,21948.0
3916,5177.0
3917,5923.0
3918,60508.0
3919,7584.0
3920,66928.0
3921,51384.0
3922,32859.0
3923,3737.0
3924,5943.0
3925,52287.0
3926,7594.0
3927,2250.0
3928,8647.0
3929,7309.0
3930,3957.0
3931,5103.0
3932,5141.0
3933,3381.0
3934,5523.0
3935,3684.0
3936,1890.0
3937,5960.0
3938,7212.0
3939,5949.0
3940,5660.0
3941,4783.0
3942,4960.0
3943,43910.0
3944,54608.0
3945,2738.0
3946,10425.0
3947,6568.0
3948,62188.0
3949,5060.0
3950,8111.0
3951,3407.0
3952,5182.0
3953,9611.0
3954,7084.0
3955,1543.0
3956,53164.0
3957,10680.0
3958,3491.0
3959,7412.0
3960,4556.0
3961,55983.0
3962,6163.0
3963,4905.0
3964,53645.0
3965,6444.0
3966,5519.0
3967,5603.0
3968,5888.0
3969,5761.0
3970,56588.0
3971,2723.0
3972,3357.0
3973,6568.0
3974,6461.0
3975,5177.0
3976,39783.0
3977,39847.0
3978,49725.0
3979,4249.0
3980,56943.0
3981,55377.0
3982,11205.0
3983,45435.0
3984,3862.0
3985,3988.0
3986,22140.0
3987,41269.0
3988,9881.0
3989,23838.0
3990,5821.0
3991,4496.0
3992,2477.0
3993,4387.0
3994,4445.0
3995,3336.0
3996,2465.0
3997,56588.0
3998,7412.0
3999,5395.0
4000,60978.0
4001,45995.0
4002,78428.0
4003,6450.0
4004,12464.0
4005,4502.0
4006,3093.0
4007,15154.0
4008,7190.0
4009,4593.0
4010,5953.0
4011,6488.0
4012,64285.0
4013,4173.0
4014,53209.0
4015,7950.0
4016,5915.0
4017,4827.0
4018,32923.0
4019,4363.0
4020,54896.0
4021,4111.0
4022,56702.0
4023,3633.0
4024,5955.0
4025,76684.0
4026,11488.0
4027,7838.0
4028,41314.0
4029,57405.0
4030,54896.0
4031,12401.0
4032,42457.0
4033,2738.0
4034,2050.0
4035,56590.0
4036,2350.0
4037,9201.0
4038,54841.0
4039,4559.0
4040,5760.0
4041,5619.0
4042,4476.0
4043,2994.0
4044,15667.0
4045,5120.0
4046,7484.0
4047,7362.0
4048,6147.0
4049,4251.0
4050,6082.0
4051,23424.0
4052,60396.0
4053,37985.0
4054,3282.0
4055,9840.0
4056,5937.0
4057,2901.0
4058,4111.0
4059,35520.0
4060,7958.0
4061,11120.0
4062,77120.0
4063,5622.0
4064,4173.0
4065,45693.0
4066,8276.0
4067,2464.0
4068,4658.0
4069,2250.0
4070,12917.0
4071,53835.0
4072,57453.0
4073,2050.0
4074,3234.0
4075,12949.0
4076,11675.0
4077,13525.0
4078,54898.0
4079,3015.0
4080,5842.0
4081,11205.0
4082,12633.0
4083,3090.0
4084,3999.0
4085,54608.0
4086,3862.0
4087,11205.0
4088,5892.0
4089,61873.0
4090,6133.0
4091,5939.0
4092,7484.0
4093,8224.0
4094,5445.0
4095,4502.0
4096,59033.0
4097,5888.0
4098,51707.0
4099,64139.0
4100,45883.0
4101,3860.0
4102,5485.0
4103,4357.0
4104,5924.0
4105,69168.0
4106,51817.0
4107,11508.0
4108,7577.0
4109,45257.0
4110,6349.0
4111,90644.0
4112,6578.0
4113,5955.0
4114,15583.0
4115,6133.0
4116,10960.0
4117,62448.0
4118,15531.0
4119,37526.0
4120,4772.0
4121,54115.0
4122,13221.0
4123,51707.0
4124,3876.0
4125,2109.0
4126,2339.0
4127,58394.0
4128,1105.0
4129,5939.0
4130,64285.0
4131,6412.0
4132,44144.0
4133,55983.0
4134,44806.0
4135,4663.0
4136,2050.0
4137,58111.0
4138,58282.0
4139,3393.0
4140,55983.0
4141,4687.0
4142,4338.0
4143,60396.0
4144,6765.0
4145,11488.0
4146,7950.0
4147,5744.0
4148,8653.0
4149,8660.0
4150,4249.0
4151,4453.0
4152,57405.0
4153,5407.0
4154,2056.0
4155,1788.0
4156,7950.0
4157,6476.0
4158,4496.0
4159,5761.0
4160,7425.0
4161,5441.0
4162,3357.0
4163,51707.0
4164,13613.0
4165,8112.0
4166,53499.0
4167,2410.0
4168,5815.0
4169,2098.0
4170,11867.0
4171,4912.0
4172,76953.0
4173,11129.0
4174,5949.0
4175,4658.0
4176,60232.0
4177,61933.0
4178,5943.0
4179,3361.0
4180,10058.0
4181,41064.0
4182,67137.0
4183,5949.0
4184,44144.0
4185,52287.0
4186,3999.0
4187,9855.0
4188,5563.0
4189,4099.0
4190,58125.0
4191,44280.0
4192,4808.0
4193,56943.0
4194,60260.0
4195,53499.0
4196,4385.0
4197,8906.0
4198,2336.0
4199,59537.0
4200,2723.0
4201,53164.0
4202,22152.0
4203,7489.0
4204,7518.0
4205,5390.0
4206,6203.0
4207,32859.0
4208,4056.0
4209,15059.0
4210,44652.0
4211,4028.0
4212,5824.0
4213,6489.0
4214,5675.0
4215,5668.0
4216,49613.0
4217,11069.0
4218,6840.0
4219,6395.0
4220,10744.0
4221,4827.0
4222,4914.0
4223,64113.0
4224,5037.0
4225,7798.0
4226,45693.0
4227,57920.0
4228,3569.0
4229,45883.0
4230,5103.0
4231,53440.0
4232,5545.0
4233,5543.0
4234,11488.0
4235,54115.0
4236,6287.0
4237,9828.0
4238,4368.0
4239,54684.0
4240,14255.0
4241,9904.0
4242,3153.0
4243,5269.0
4244,5232.0
4245,8419.0
4246,3393.0
4247,5144.0
4248,5805.0
4249,2612.0
4250,57017.0
4251,11129.0
4252,8023.0
4253,3393.0
4254,41064.0
4255,2836.0
4256,4111.0
4257,4779.0
4258,6344.0
4259,69168.0
4260,64700.0
4261,3553.0
4262,3982.0
4263,49553.0
4264,4488.0
4265,5605.0
4266,6133.0
4267,40843.0
4268,37985.0
4269,67757.0
4270,11069.0
4271,26472.0
4272,4020.0
4273,2410.0
4274,4844.0
4275,8938.0
4276,6307.0
4277,4031.0
4278,12197.0
4279,49725.0
4280,4971.0
4281,4971.0
4282,6163.0
4283,12033.0
4284,62560.0
4285,6395.0
4286,1443.0
4287,9349.0
4288,60396.0
4289,51697.0
4290,13515.0
4291,7584.0
4292,5859.0
4293,31436.0
4294,4748.0
4295,8386.0
4296,51707.0
4297,16212.0
4298,44583.0
4299,54777.0
4300,44280.0
4301,66077.0
4302,5037.0
4303,21798.0
4304,49613.0
4305,7687.0
4306,69437.0
4307,5660.0
4308,3451.0
4309,56702.0
4310,42457.0
4311,53164.0
4312,27792.0
4313,51457.0
4314,6024.0
4315,60260.0
4316,6067.0
4317,67769.0
4318,55377.0
4319,3968.0
4320,6128.0
4321,7767.0
4322,17302.0
4323,12544.0
4324,63725.0
4325,6568.0
4326,4799.0
4327,7568.0
4328,49553.0
4329,77196.0
4330,5805.0
4331,9735.0
4332,4452.0
4333,44144.0
4334,7487.0
4335,2836.0
4336,72526.0
4337,3621.0
4338,2339.0
4339,59189.0
4340,6395.0
4341,32420.0
4342,4501.0
4343,54841.0
4344,60978.0
4345,4893.0
4346,5177.0
4347,6287.0
4348,3551.0
4349,12138.0
4350,60396.0
4351,5823.0
4352,3685.0
4353,75721.0
4354,6489.0
4355,12464.0
4356,50385.0
4357,49553.0
4358,3982.0
4359,10018.0
4360,4041.0
4361,49725.0
4362,44622.0
4363,3843.0
4364,45883.0
4365,54684.0
4366,67809.0
4367,36700.0
4368,5292.0
4369,41269.0
4370,1105.0
4371,7426.0
4372,60978.0
4373,5102.0
4374,8112.0
4375,56702.0
4376,4099.0
4377,13674.0
4378,32859.0
4379,59948.0
4380,3498.0
4381,60260.0
4382,10355.0
4383,1800.0
4384,70431.0
4385,4418.0
4386,8780.0
4387,4498.0
4388,6271.0
4389,3551.0
4390,11319.0
4391,1830.0
4392,4755.0
4393,6195.0
4394,5949.0
4395,5229.0
4396,65872.0
4397,51345.0
4398,37985.0
4399,69168.0
4400,4009.0
4401,15856.0
4402,61933.0
4403,5894.0
4404,8579.0
4405,1654.0
4406,44069.0
4407,57920.0
4408,5656.0
4409,4385.0
4410,6502.0
4411,4541.0
4412,3568.0
4413,47545.0
4414,4028.0
4415,5023.0
4416,5960.0
4417,55983.0
4418,4793.0
4419,60713.0
4420,50271.0
4421,6294.0
4422,59106.0
4423,5949.0
4424,4593.0
4425,3987.0
4426,37985.0
4427,2056.0
4428,8112.0
4429,6389.0
4430,54284.0
4431,9201.0
4432,9879.0
4433,6966.0
4434,52063.0
4435,36700.0
4436,2276.0
4437,2622.0
4438,6128.0
4439,7193.0
4440,5761.0
4441,5949.0
4442,23313.0
4443,17548.0
4444,4079.0
4445,41974.0
4446,4500.0
4447,7423.0
4448,3318.0
4449,3020.0
4450,41101.0
4451,5989.0
4452,6367.0
4453,4952.0
4454,11004.0
4455,7833.0
4456,3014.0
4457,6287.0
4458,53164.0
4459,3728.0
4460,5888.0
4461,11928.0
4462,5685.0
4463,7021.0
4464,6776.0
4465,6093.0
4466,9141.0
4467,51817.0
4468,22152.0
4469,7701.0
4470,2409.0
4471,45257.0
4472,6488.0
4473,4792.0
4474,4363.0
4475,45672.0
4476,7927.0
4477,69244.0
4478,4287.0
4479,4007.0
4480,5314.0
4481,58125.0
4482,4357.0
4483,4881.0
4484,27792.0
4485,49896.0
4486,3090.0
4487,11867.0
4488,3000.0
4489,3357.0
4490,44280.0
4491,41064.0
4492,54896.0
4493,7425.0
4494,49613.0
4495,6476.0
4496,51697.0
4497,69437.0
4498,22140.0
4499,66063.0
4500,57992.0
4501,8394.0
4502,5144.0
4503,9343.0
4504,4056.0
4505,9241.0
4506,56590.0
4507,4979.0
4508,5166.0
4509,57081.0
4510,52287.0
4511,4028.0
4512,6324.0
4513,6437.0
4514,4208.0
4515,22152.0
4516,6489.0
4517,64173.0
4518,4637.0
4519,7317.0
4520,6461.0
4521,18765.0
4522,6296.0
4523,5771.0
4524,11625.0
4525,5772.0
4526,4496.0
4527,5224.0
4528,16149.0
4529,3067.0
4530,2098.0
4531,4390.0
4532,13168.0
4533,60978.0
4534,7767.0
4535,54608.0
4536,57992.0
4537,4399.0
4538,3959.0
4539,4979.0
4540,4170.0
4541,5955.0
4542,10425.0
4543,52063.0
4544,27864.0
4545,10243.0
4546,44144.0
4547,54608.0
4548,74365.0
4549,5193.0
4550,6169.0
4551,3621.0
4552,6262.0
4553,13054.0
4554,24234.0
4555,9175.0
4556,51595.0
4557,12474.0
4558,15154.0
4559,39499.0
4560,66928.0
4561,7241.0
4562,4173.0
4563,9734.0
4564,4030.0
4565,39321.0
4566,6082.0
4567,10744.0
4568,5414.0
4569,4338.0
4570,3999.0
4571,7053.0
4572,7657.0
4573,5352.0
4574,3251.0
4575,6450.0
4576,4359.0
4577,5949.0
4578,5667.0
4579,1933.0
4580,8386.0
4581,4612.0
4582,54841.0
4583,4390.0
4584,52287.0
4585,2051.0
4586,3397.0
4587,11069.0
4588,56588.0
4589,3610.0
4590,49725.0
4591,9201.0
4592,15268.0
4593,3911.0
4594,37256.0
4595,3201.0
4596,6169.0
4597,8112.0
4598,4149.0
4599,2476.0
4600,6633.0
4601,45883.0
4602,12150.0
4603,55502.0
4604,5810.0
4605,32230.0
4606,6461.0
4607,2276.0
4608,7652.0
4609,3971.0
4610,7221.0
4611,46097.0
4612,68617.0
4613,3999.0
4614,1714.0
4615,56588.0
4616,2228.0
4617,3389.0
4618,4020.0
4619,45230.0
4620,2339.0
4621,11004.0
4622,2836.0
4623,1776.0
4624,8043.0
4625,14784.0
4626,7584.0
4627,36700.0
4628,3090.0
4629,6324.0
4630,9241.0
4631,6294.0
4632,10262.0
4633,78943.0
4634,37985.0
4635,7487.0
4636,53164.0
4637,10616.0
4638,12197.0
4639,31622.0
4640,2835.0
4641,5441.0
4642,8111.0
4643,50271.0
4644,12917.0
4645,3987.0
4646,14255.0
4647,52287.0
4648,2738.0
4649,64285.0
4650,53164.0
4651,11812.0
4652,4251.0
4653,10850.0
4654,50868.0
4655,10967.0
4656,55377.0
4657,54684.0
4658,15508.0
4659,7703.0
4660,55502.0
4661,6120.0
4662,72447.0
4663,18378.0
4664,52175.0
4665,64659.0
4666,4250.0
4667,6312.0
4668,17043.0
4669,5865.0
4670,8391.0
4671,54684.0
4672,16146.0
4673,56588.0
4674,4230.0
4675,54777.0
4676,2835.0
4677,55983.0
4678,42521.0
4679,59948.0
4680,6296.0
4681,5800.0
4682,22152.0
4683,15971.0
4684,64969.0
4685,51875.0
4686,6502.0
4687,44144.0
4688,4041.0
4689,60396.0
4690,6743.0
4691,13725.0
4692,6489.0
4693,51817.0
4694,6147.0
4695,53440.0
4696,6437.0
4697,51595.0
4698,20760.0
4699,22140.0
4700,60978.0
4701,8140.0
4702,6292.0
4703,4251.0
4704,5954.0
4705,10672.0
4706,6044.0
4707,5102.0
4708,2074.0
4709,56590.0
4710,2477.0
4711,4390.0
4712,6568.0
4713,12544.0
4714,6133.0
4715,38099.0
4716,5871.0
4717,4210.0
4718,32859.0
4719,31436.0
4720,52392.0
4721,39499.0
4722,11853.0
4723,27792.0
4724,37048.0
4725,5772.0
4726,5771.0
4727,6461.0
4728,45883.0
4729,4758.0
4730,51817.0
4731,11120.0
4732,69244.0
4733,52063.0
4734,7593.0
4735,54608.0
4736,6010.0
4737,5761.0
4738,49725.0
4739,4593.0
4740,6568.0
4741,45805.0
4742,2728.0
4743,2203.0
4744,4618.0
4745,9715.0
4746,4755.0
4747,51697.0
4748,54115.0
4749,53209.0
4750,6966.0
4751,87746.0
4752,13044.0
4753,4202.0
4754,74365.0
4755,9588.0
4756,3996.0
4757,10050.0
4758,10858.0
4759,2203.0
4760,52726.0
4761,5915.0
4762,44405.0
4763,4452.0
4764,4687.0
4765,11520.0
4766,56943.0
4767,59929.0
4768,62045.0
4769,10363.0
4770,6734.0
4771,4499.0
4772,2700.0
4773,11129.0
4774,53152.0
4775,4357.0
4776,4028.0
4777,51697.0
4778,69244.0
4779,41269.0
4780,3916.0
4781,49553.0
4782,5102.0
4783,40843.0
4784,40843.0
4785,34472.0
4786,5092.0
4787,4672.0
4788,41064.0
4789,8957.0
4790,41325.0
4791,55377.0
4792,6443.0
4793,51372.0
4794,6611.0
4795,77131.0
4796,22140.0
4797,44280.0
4798,7352.0
4799,5177.0
4800,7548.0
4801,3000.0
4802,3372.0
4803,5632.0
4804,4919.0
4805,45883.0
4806,6444.0
4807,5269.0
4808,3153.0
4809,4031.0
4810,5523.0
4811,16308.0
4812,50361.0
4813,5873.0
4814,2738.0
4815,19201.0
4816,8140.0
4817,3001.0
4818,4393.0
4819,7293.0
4820,3467.0
4821,44013.0
4822,60978.0
4823,4896.0
4824,12389.0
4825,5102.0
4826,50271.0
4827,6271.0
4828,4453.0
4829,6474.0
4830,5817.0
4831,6461.0
4832,5574.0
4833,37929.0
4834,6122.0
4835,5817.0
4836,23484.0
4837,54481.0
4838,4357.0
4839,6450.0
4840,68841.0
4841,44069.0
4842,5690.0
4843,51595.0
4844,22609.0
4845,57057.0
4846,4556.0
4847,4069.0
4848,2712.0
4849,42521.0
4850,3090.0
4851,2960.0
4852,6293.0
4853,8442.0
4854,18135.0
4855,4506.0
4856,3916.0
4857,6892.0
4858,6464.0
4859,4687.0
4860,54684.0
4861,7344.0
4862,8133.0
4863,15000.0
4864,42521.0
4865,3998.0
4866,4977.0
4867,1966.0
4868,4783.0
4869,5622.0
4870,5923.0
4871,51457.0
4872,6488.0
4873,9242.0
4874,44280.0
4875,53835.0
4876,6186.0
4877,6395.0
4878,2410.0
4879,50823.0
4880,5761.0
4881,12768.0
4882,37985.0
4883,8988.0
4884,49177.0
4885,60396.0
4886,3450.0
4887,2056.0
4888,7487.0
4889,4007.0
4890,1933.0
4891,56476.0
4892,6048.0
4893,12138.0
4894,6195.0
4895,4793.0
4896,6568.0
4897,10744.0
4898,3379.0
4899,42457.0
4900,5136.0
4901,5817.0
4902,9277.0
4903,6195.0
4904,32923.0
4905,4028.0
4906,67004.0
4907,4081.0
4908,67473.0
4909,2201.0
4910,5782.5
4911,4732.0
4912,6195.0
4913,7877.0
4914,5955.0
4915,62617.0
4916,2780.0
4917,47657.0
4918,49553.0
4919,7572.0
4920,2748.0
4921,74365.0
4922,7579.0
4923,80511.0
4924,5953.0
4925,5632.0
4926,29765.0
4927,16529.0
4928,5603.0
4929,5177.0
4930,52063.0
4931,50271.0
4932,6158.0
4933,4500.0
4934,13410.0
4935,7496.0
4936,4593.0
4937,5843.0
4938,5817.0
4939,45185.0
4940,6488.0
4941,4500.0
4942,6188.0
4943,6122.0
4944,84075.0
4945,53937.0
4946,3988.0
4947,32859.0
4948,8956.0
4949,3729.0
4950,4173.0
4951,37985.0
4952,3819.0
4953,49553.0
4954,2276.0
4955,5843.0
4956,5206.0
4957,4896.0
4958,4506.0
4959,7425.0
4960,4363.0
4961,6863.0
4962,11069.0
4963,6332.0
4964,11675.0
4965,4414.0
4966,56476.0
4967,59948.0
4968,4274.0
4969,3000.0
4970,11844.0
4971,4348.0
4972,3916.0
4973,10890.0
4974,7959.0
4975,6845.0
4976,44144.0
4977,6395.0
4978,5442.0
4979,5624.0
4980,45805.0
4981,13200.0
4982,5229.0
4983,13613.0
4984,2276.0
4985,6578.0
4986,5536.0
4987,4007.0
4988,6779.0
4989,49553.0
4990,27864.0
4991,17604.0
4992,54684.0
4993,7814.0
4994,9798.0
4995,5760.0
4996,60978.0
4997,4499.0
4998,50271.0
4999,50868.0
5000,66063.0
